Tempo de resposta,Latencia,"Error (0 = OK, 1 = Error)",Timestamp,CPU (%),Memoria (MB)
0.6084849834442139,0.604474,0,2024-09-12 17:39:26,0.0,5035.05078125
0.6953730583190918,0.686117,0,2024-09-12 17:39:26,8.3,5045.40234375
0.9852762222290039,0.956918,0,2024-09-12 17:39:26,9.8,5059.2890625
1.731245517730713,1.730139,0,2024-09-12 17:39:27,10.7,5057.48828125
1.7809059619903564,1.752073,0,2024-09-12 17:39:27,13.6,5063.1328125
2.2952120304107666,2.293396,0,2024-09-12 17:39:27,19.0,5066.95703125
2.487459659576416,2.476372,0,2024-09-12 17:39:27,8.3,5135.0625
2.1562447547912598,2.119224,0,2024-09-12 17:39:27,0.0,5047.46484375
2.5203449726104736,2.314919,0,2024-09-12 17:39:27,21.3,5061.09765625
2.3141815662384033,2.039069,0,2024-09-12 17:39:27,45.8,5066.59375
1.8971657752990723,1.894739,0,2024-09-12 17:39:28,26.1,5066.05859375
1.931753158569336,1.929905,0,2024-09-12 17:39:28,18.6,5101.37109375
2.562988519668579,2.560094,0,2024-09-12 17:39:28,20.6,5107.1328125
2.566603899002075,2.564613,0,2024-09-12 17:39:28,27.4,5083.484375
2.428931474685669,2.426472,0,2024-09-12 17:39:28,27.8,5082.28125
1.9600939750671387,1.933702,0,2024-09-12 17:39:28,22.2,5081.95703125
1.9900321960449219,1.9852,0,2024-09-12 17:39:28,7.4,5081.62109375
1.9984748363494873,1.997323,0,2024-09-12 17:39:28,7.0,5081.3046875
2.0015809535980225,1.985488,0,2024-09-12 17:39:28,19.2,5081.296875
2.0014913082122803,1.998534,0,2024-09-12 17:39:28,43.8,5080.6875
2.086923360824585,2.086018,0,2024-09-12 17:39:28,22.6,5085.390625
2.4938085079193115,2.463078,0,2024-09-12 17:39:29,8.7,5095.7421875
2.714043378829956,2.697739,0,2024-09-12 17:39:29,7.1,5089.98828125
3.089754104614258,3.070967,0,2024-09-12 17:39:29,14.3,5096.78515625
3.1182518005371094,3.098296,0,2024-09-12 17:39:29,19.2,5088.484375
3.180267810821533,3.16301,0,2024-09-12 17:39:29,21.8,5088.22265625
3.242652177810669,3.225054,0,2024-09-12 17:39:29,22.7,5087.78125
3.473637104034424,3.445037,0,2024-09-12 17:39:29,28.0,5087.4375
3.3776559829711914,3.352951,0,2024-09-12 17:39:29,20.3,5088.0859375
3.7014126777648926,3.682934,0,2024-09-12 17:39:29,13.0,5088.2109375
2.952336311340332,2.926794,0,2024-09-12 17:39:29,10.3,5092.06640625
3.7995877265930176,3.783629,0,2024-09-12 17:39:29,10.0,5095.67578125
3.256582498550415,3.253874,0,2024-09-12 17:39:29,20.9,5097.6328125
3.998473882675171,3.973035,0,2024-09-12 17:39:30,16.2,5099.3515625
4.026832818984985,3.989652,0,2024-09-12 17:39:30,12.3,5107.73046875
3.97003436088562,3.964839,0,2024-09-12 17:39:30,23.5,5147.90234375
4.195375680923462,4.190606,0,2024-09-12 17:39:30,18.9,5104.484375
4.67375636100769,4.651524,0,2024-09-12 17:39:30,7.7,5104.140625
4.288805723190308,4.270306,0,2024-09-12 17:39:30,11.2,5103.81640625
4.857468843460083,4.8307,0,2024-09-12 17:39:30,11.7,5103.5546875
4.762853384017944,4.740022,0,2024-09-12 17:39:30,21.2,5102.53125
4.245495557785034,4.231195,0,2024-09-12 17:39:30,17.0,5102.53125
4.633658409118652,4.604037,0,2024-09-12 17:39:31,13.8,5112.41796875
4.758222818374634,4.742645,0,2024-09-12 17:39:31,12.1,5112.86328125
5.425851345062256,5.395002,0,2024-09-12 17:39:32,7.6,5106.1953125
5.909235239028931,5.89136,0,2024-09-12 17:39:32,6.6,5105.90234375
6.2113823890686035,6.197967,0,2024-09-12 17:39:32,12.5,5105.55859375
5.802551746368408,5.779879,0,2024-09-12 17:39:32,14.3,5105.25
5.629951238632202,5.628015,0,2024-09-12 17:39:32,23.6,5116.4765625
6.405366659164429,6.392798,0,2024-09-12 17:39:32,12.4,5116.16015625
5.828025579452515,5.801171,0,2024-09-12 17:39:32,8.3,5130.91015625
5.932704448699951,5.916627,0,2024-09-12 17:39:32,12.6,5158.7890625
6.276746511459351,6.271052,0,2024-09-12 17:39:32,12.2,5126.0546875
6.4053003787994385,6.390399,0,2024-09-12 17:39:32,22.4,5125.68359375
6.725970506668091,6.703462,0,2024-09-12 17:39:32,46.8,5125.68359375
6.769146680831909,6.756505,0,2024-09-12 17:39:32,51.7,5105.5703125
6.537205934524536,6.507515,0,2024-09-12 17:39:33,31.7,5105.24609375
6.672769784927368,6.657384,0,2024-09-12 17:39:33,9.6,5104.921875
6.800200462341309,6.789227,0,2024-09-12 17:39:33,29.9,5104.59765625
7.1308135986328125,7.10459,0,2024-09-12 17:39:33,38.3,5104.265625
6.965845346450806,6.957613,0,2024-09-12 17:39:33,51.2,5107.99609375
6.621022462844849,6.606377,0,2024-09-12 17:39:33,38.2,5106.48046875
6.934643030166626,6.926058,0,2024-09-12 17:39:33,19.4,5103.91796875
6.925473213195801,6.910633,0,2024-09-12 17:39:33,14.5,5107.71875
7.114578723907471,7.106573,0,2024-09-12 17:39:33,10.6,5107.2890625
7.416080951690674,7.414663,0,2024-09-12 17:39:33,21.7,5106.4375
7.436846971511841,7.42474,0,2024-09-12 17:39:33,31.3,5106.05859375
7.74111533164978,7.7241,0,2024-09-12 17:39:33,60.0,5106.05859375
7.66629433631897,7.644715,0,2024-09-12 17:39:33,26.3,5105.88671875
7.872545480728149,7.856796,0,2024-09-12 17:39:34,9.9,5108.8671875
7.601965427398682,7.590821,0,2024-09-12 17:39:34,10.5,5117.01171875
7.742624282836914,7.734112,0,2024-09-12 17:39:34,27.8,5116.6640625
7.674782991409302,7.657892,0,2024-09-12 17:39:34,26.7,5118.5703125
7.477317810058594,7.452076,0,2024-09-12 17:39:34,32.4,5119.9921875
8.146071672439575,8.121462,0,2024-09-12 17:39:34,26.3,5121.44140625
8.040731430053711,8.025098,0,2024-09-12 17:39:34,24.4,5123.1484375
7.9788572788238525,7.961165,0,2024-09-12 17:39:34,34.9,5126.83984375
8.059427499771118,8.04069,0,2024-09-12 17:39:34,36.0,5126.50390625
8.033827304840088,8.014366,0,2024-09-12 17:39:34,18.9,5131.13671875
8.003519058227539,7.977022,0,2024-09-12 17:39:34,28.0,5134.1953125
8.55266547203064,8.539958,0,2024-09-12 17:39:34,0.0,5136.65234375
8.56351113319397,8.519014,0,2024-09-12 17:39:34,43.2,5137.64453125
8.301157712936401,8.284192,0,2024-09-12 17:39:34,0.0,5137.07421875
8.533026933670044,8.503214,0,2024-09-12 17:39:34,47.1,5137.0703125
8.467108964920044,8.440781,0,2024-09-12 17:39:34,47.2,5137.07421875
8.184654712677002,8.158885,0,2024-09-12 17:39:34,0.0,5137.17578125
8.598827838897705,8.575764,0,2024-09-12 17:39:34,45.2,5137.23046875
8.671298503875732,8.645003,0,2024-09-12 17:39:34,0.0,5136.78515625
8.279206037521362,8.258585,0,2024-09-12 17:39:34,52.4,5140.1640625
8.664543628692627,8.640807,0,2024-09-12 17:39:34,57.1,5140.265625
8.410793542861938,8.3941,0,2024-09-12 17:39:34,54.3,5139.37890625
8.260372877120972,8.243796,0,2024-09-12 17:39:34,36.5,5156.17578125
8.667760848999023,8.6375,0,2024-09-12 17:39:34,40.1,5153.12890625
8.497802734375,8.473168,0,2024-09-12 17:39:34,29.4,5152.87109375
8.650427103042603,8.625699,0,2024-09-12 17:39:34,35.6,5152.5390625
8.907519817352295,8.904293,0,2024-09-12 17:39:34,30.7,5152.203125
8.749252080917358,8.720233,0,2024-09-12 17:39:35,9.2,5151.87890625
8.790944337844849,8.764041,0,2024-09-12 17:39:35,13.1,5151.7265625
8.846189260482788,8.832746,0,2024-09-12 17:39:35,27.7,5156.72265625
9.161561489105225,9.13305,0,2024-09-12 17:39:35,9.7,5158.04296875
9.180389642715454,9.154423,0,2024-09-12 17:39:35,12.7,5162.22265625
9.362916469573975,9.36094,0,2024-09-12 17:39:35,15.7,5164.79296875
9.432309627532959,9.423042,0,2024-09-12 17:39:35,26.2,5163.390625
9.441840171813965,9.417103,0,2024-09-12 17:39:35,31.5,5163.2109375
9.07872486114502,9.052671,0,2024-09-12 17:39:35,28.4,5163.24609375
9.382875680923462,9.352796,0,2024-09-12 17:39:35,29.2,5167.23828125
9.266801118850708,9.244708,0,2024-09-12 17:39:35,25.0,5173.3671875
9.623233556747437,9.621812,0,2024-09-12 17:39:35,26.6,5173.390625
9.281187534332275,9.276408,0,2024-09-12 17:39:35,23.1,5176.92578125
9.544609785079956,9.53341,0,2024-09-12 17:39:35,17.3,5175.9375
9.662194728851318,9.660233,0,2024-09-12 17:39:35,14.2,5175.828125
9.526865005493164,9.519495,0,2024-09-12 17:39:35,15.1,5175.5390625
9.5213623046875,9.486307,0,2024-09-12 17:39:35,18.5,5175.4140625
9.773570537567139,9.766462,0,2024-09-12 17:39:35,15.8,5175.16015625
9.47884464263916,9.468962,0,2024-09-12 17:39:35,13.7,5175.16015625
9.205125331878662,9.188119,0,2024-09-12 17:39:35,14.3,5184.29296875
9.291681051254272,9.264003,0,2024-09-12 17:39:35,21.8,5188.04296875
9.693354845046997,9.682222,0,2024-09-12 17:39:35,26.8,5189.7890625
9.324629545211792,9.312592,0,2024-09-12 17:39:35,26.9,5191.44140625
9.688569068908691,9.668623,0,2024-09-12 17:39:35,27.0,5193.1484375
9.561075925827026,9.545866,0,2024-09-12 17:39:35,25.6,5197.15234375
10.04831600189209,10.028507,0,2024-09-12 17:39:35,37.8,5198.46484375
9.828828811645508,9.820009,0,2024-09-12 17:39:36,32.9,5197.3046875
9.650226354598999,9.637418,0,2024-09-12 17:39:36,21.6,5197.0546875
10.080962181091309,10.059549,0,2024-09-12 17:39:36,36.6,5196.80078125
10.043866634368896,10.015255,0,2024-09-12 17:39:36,33.6,5196.37890625
10.005714893341064,9.994557,0,2024-09-12 17:39:36,26.5,5196.91796875
9.784929037094116,9.759689,0,2024-09-12 17:39:36,27.8,5200.95703125
9.715886354446411,9.701784,0,2024-09-12 17:39:36,15.0,5201.0234375
9.52209734916687,9.502216,0,2024-09-12 17:39:36,19.4,5207.703125
9.9133780002594,9.897627,0,2024-09-12 17:39:36,28.3,5213.0625
9.626229286193848,9.609887,0,2024-09-12 17:39:36,23.8,5212.7578125
9.636260986328125,9.616708,0,2024-09-12 17:39:36,33.3,5212.70703125
9.964789867401123,9.938142,0,2024-09-12 17:39:36,27.6,5212.38671875
9.931497812271118,9.926101,0,2024-09-12 17:39:36,31.6,5216.08984375
10.135464191436768,10.109195,0,2024-09-12 17:39:36,31.6,5216.08984375
10.25822138786316,10.238167,0,2024-09-12 17:39:36,24.2,5215.75390625
10.412238597869873,10.391252,0,2024-09-12 17:39:36,26.3,5215.75390625
10.370136499404907,10.342947,0,2024-09-12 17:39:36,35.5,5215.74609375
10.036115407943726,10.02559,0,2024-09-12 17:39:36,34.6,5220.87890625
10.453805446624756,10.436353,0,2024-09-12 17:39:36,42.3,5224.07421875
10.397822618484497,10.374123,0,2024-09-12 17:39:36,41.3,5228.66015625
9.8430016040802,9.828318,0,2024-09-12 17:39:36,43.3,5230.23046875
10.24915099143982,10.230591,0,2024-09-12 17:39:36,42.6,5229.93359375
9.987555980682373,9.976645,0,2024-09-12 17:39:36,40.9,5229.60546875
10.50008773803711,10.483763,0,2024-09-12 17:39:36,28.6,5227.61328125
10.253999948501587,10.232881,0,2024-09-12 17:39:36,21.5,5227.0625
10.656895637512207,10.630607,0,2024-09-12 17:39:36,21.5,5227.08203125
10.305785417556763,10.28286,0,2024-09-12 17:39:36,19.7,5226.6015625
10.123643398284912,10.095882,0,2024-09-12 17:39:36,27.4,5226.4609375
10.589959383010864,10.577438,0,2024-09-12 17:39:36,29.4,5226.84765625
10.721134185791016,10.701907,0,2024-09-12 17:39:36,31.2,5227.2578125
10.208634376525879,10.201475,0,2024-09-12 17:39:36,25.4,5232.75
10.841983556747437,10.826962,0,2024-09-12 17:39:36,36.8,5232.46875
10.645546197891235,10.629564,0,2024-09-12 17:39:36,37.4,5248.49609375
10.57145094871521,10.5577,0,2024-09-12 17:39:36,43.0,5257.8515625
10.578746557235718,10.564242,0,2024-09-12 17:39:36,61.9,5268.515625
10.247378587722778,10.227287,0,2024-09-12 17:39:36,43.5,5276.9609375
10.98012900352478,10.968404,0,2024-09-12 17:39:36,50.5,5281.6875
10.827185153961182,10.815587,0,2024-09-12 17:39:37,33.3,5252.80859375
11.048054456710815,11.021155,0,2024-09-12 17:39:37,39.5,5253.33984375
11.080496788024902,11.053717,0,2024-09-12 17:39:37,41.9,5271.46875
10.506515502929688,10.486037,0
10.691083669662476,10.683343,0,2024-09-12 17:39:37,29.8,5275.6875
10.83229684829712,10.82006,0,2024-09-12 17:39:37,35.8,5276.59375
10.459877729415894,10.447094,0,2024-09-12 17:39:37,28.4,5280.3203125
10.796916484832764,10.777716,0,2024-09-12 17:39:37,27.9,5281.83203125
11.251132249832153,11.241446,0,2024-09-12 17:39:37,34.4,5283.98046875
10.875323057174683,10.854837,0,2024-09-12 17:39:37,40.7,5285.77734375
10.606544494628906,10.604762,0,2024-09-12 17:39:37,38.3,5288.9453125
10.609880208969116,10.599639,0,2024-09-12 17:39:37,56.5,5289.03515625
11.015522241592407,10.998454,0,2024-09-12 17:39:37,39.3,5289.0546875
10.994242429733276,10.972402,0,2024-09-12 17:39:37,37.1,5288.796875
11.206796169281006,11.175575,0,2024-09-12 17:39:37,27.4,5288.46875
11.082035541534424,11.07016,0,2024-09-12 17:39:37,18.9,5288.47265625
11.128983497619629,11.100454,0,2024-09-12 17:39:37,40.4,5292.671875
11.277218580245972,11.264068,0,2024-09-12 17:39:37,45.7,5287.5234375
11.162261724472046,11.146283,0,2024-09-12 17:39:37,61.9,5286.0859375
11.265915155410767,11.236745,0,2024-09-12 17:39:37,64.2,5291.20703125
10.929850578308105,10.924328,0,2024-09-12 17:39:37,0.0,5285.19921875
10.899099826812744,10.880255,0,2024-09-12 17:39:37,72.0,5285.234375
10.899370193481445,10.89583,0,2024-09-12 17:39:37,51.6,5288.8671875
11.029833555221558,11.014362,0,2024-09-12 17:39:37,36.5,5288.60546875
11.014797925949097,10.988878,0,2024-09-12 17:39:37,45.9,5286.2265625
10.976842641830444,10.956353,0,2024-09-12 17:39:37,39.2,5286.22265625
11.268361568450928,11.241069,0,2024-09-12 17:39:37,37.7,5286.2265625
11.109854698181152,11.07507,0,2024-09-12 17:39:37,35.6,5286.2265625
11.752273559570312,11.732201,0,2024-09-12 17:39:37,50.0,5285.91015625
11.275593519210815,11.252363,0,2024-09-12 17:39:37,47.9,5285.828125
11.215348482131958,11.204985,0,2024-09-12 17:39:37,36.6,5285.79296875
11.607490539550781,11.598412,0,2024-09-12 17:39:37,31.4,5285.44140625
11.400004386901855,11.377855,0,2024-09-12 17:39:37,16.2,5285.4375
11.502456426620483,11.483942,0,2024-09-12 17:39:37,0.0,5285.15234375
11.552133321762085,11.525962,0,2024-09-12 17:39:37,0.0,5285.2890625
11.63133716583252,11.62276,0,2024-09-12 17:39:37,0.0,5287.6484375
11.5474853515625,11.516721,0,2024-09-12 17:39:37,35.7,5295.83203125
11.490175247192383,11.472006,0,2024-09-12 17:39:37,36.9,5297.58203125
11.70647382736206,11.693439,0,2024-09-12 17:39:37,46.3,5298.9453125
12.007588863372803,11.996354,0,2024-09-12 17:39:37,38.9,5300.61328125
11.68537712097168,11.669676,0,2024-09-12 17:39:37,37.2,5304.109375
12.040919065475464,12.028328,0,2024-09-12 17:39:38,34.5,5307.48046875
11.622963428497314,11.608806,0,2024-09-12 17:39:38,36.4,5308.8046875
11.945513248443604,11.938374,0,2024-09-12 17:39:38,35.4,5310.14453125
11.426070213317871,11.40826,0,2024-09-12 17:39:38,38.8,5313.73828125
12.163679361343384,12.147601,0,2024-09-12 17:39:38,36.2,5313.41796875
11.944690227508545,11.921034,0,2024-09-12 17:39:38,28.3,5313.109375
11.537339210510254,11.513578,0,2024-09-12 17:39:38,32.9,5313.109375
11.849751710891724,11.825592,0,2024-09-12 17:39:38,26.8,5313.109375
12.061642408370972,12.038821,0,2024-09-12 17:39:38,16.4,5316.29296875
12.322251319885254,12.315098,0,2024-09-12 17:39:38,15.6,5316.29296875
12.323529720306396,12.288033,0,2024-09-12 17:39:38,19.7,5321.41796875
12.398200035095215,12.386761,0,2024-09-12 17:39:38,31.2,5321.41796875
11.897511720657349,11.885129,0,2024-09-12 17:39:38,26.8,5321.140625
11.972681522369385,11.942311,0,2024-09-12 17:39:38,21.4,5323.171875
12.441086053848267,12.428847,0,2024-09-12 17:39:38,28.2,5327.0
12.03834080696106,11.999418,0,2024-09-12 17:39:38,26.3,5328.66015625
12.210958480834961,12.182174,0,2024-09-12 17:39:38,31.7,5331.640625
11.87548279762268,11.863239,0,2024-09-12 17:39:38,28.3,5331.03125
12.598802328109741,12.591249,0,2024-09-12 17:39:38,38.4,5331.05078125
12.252994298934937,12.232824,0,2024-09-12 17:39:38,36.4,5335.1796875
12.135941982269287,12.121147,0,2024-09-12 17:39:38,34.2,5335.2734375
12.546227931976318,12.522398,0,2024-09-12 17:39:38,38.2,5333.72265625
12.166127920150757,12.157925,0,2024-09-12 17:39:38,31.6,5334.16015625
12.662770748138428,12.63082,0,2024-09-12 17:39:38,29.7,5335.84765625
12.258153915405273,12.254927,0,2024-09-12 17:39:38,32.3,5335.84765625
12.49157190322876,12.463925,0,2024-09-12 17:39:38,31.0,5335.87109375
12.193981647491455,12.1821,0,2024-09-12 17:39:38,32.4,5339.60546875
12.562963485717773,12.560252,0,2024-09-12 17:39:38,30.4,5316.3203125
12.285070419311523,12.26952,0,2024-09-12 17:39:38,31.5,5315.98046875
12.609674453735352,12.595647,0,2024-09-12 17:39:38,30.0,5315.65625
12.228214025497437,12.213137,0,2024-09-12 17:39:38,36.0,5315.66796875
12.906035661697388,12.887594,0,2024-09-12 17:39:38,37.6,5315.66796875
12.225269556045532,12.205793,0,2024-09-12 17:39:38,32.8,5315.05859375
12.201866626739502,12.186101,0,2024-09-12 17:39:38,32.3,5315.00390625
12.550661325454712,12.5274,0,2024-09-12 17:39:38,34.4,5313.95703125
12.854999303817749,12.842958,0,2024-09-12 17:39:38,26.5,5321.515625
12.565547466278076,12.540725,0,2024-09-12 17:39:39,28.4,5328.1640625
12.518050909042358,12.50887,0,2024-09-12 17:39:39,28.3,5327.80078125
12.758917331695557,12.737623,0,2024-09-12 17:39:39,29.4,5327.90234375
12.907956600189209,12.884145,0,2024-09-12 17:39:39,26.9,5327.23046875
12.877882957458496,12.856276,0,2024-09-12 17:39:39,28.8,5327.48828125
12.408478736877441,12.400283,0,2024-09-12 17:39:39,31.1,5342.5078125
13.044841527938843,13.026299,0,2024-09-12 17:39:39,28.9,5347.34765625
12.995673894882202,12.963699,0,2024-09-12 17:39:39,33.7,5358.37109375
12.792432308197021,12.777999,0,2024-09-12 17:39:39,31.9,5360.140625
13.20498514175415,13.179639,0,2024-09-12 17:39:39,30.8,5360.1484375
13.208888292312622,13.180826,0,2024-09-12 17:39:39,30.6,5374.30078125
13.199353218078613,13.199111,0,2024-09-12 17:39:39,28.2,5374.296875
12.640193700790405,12.621092,0,2024-09-12 17:39:39,33.3,5365.3359375
13.12528681755066,13.110155,0,2024-09-12 17:39:39,31.7,5376.40625
13.360848903656006,13.321548,0,2024-09-12 17:39:39,40.0,5347.51171875
12.625495910644531,12.62107,0,2024-09-12 17:39:39,36.0,5341.2421875
13.292930126190186,13.282834,0,2024-09-12 17:39:39,34.9,5341.2265625
13.259527206420898,13.227827,0,2024-09-12 17:39:39,22.9,5340.90625
13.169503927230835,13.158944,0,2024-09-12 17:39:39,37.0,5340.578125
13.291370630264282,13.277896,0,2024-09-12 17:39:39,34.2,5340.5859375
13.063822031021118,13.031439,0,2024-09-12 17:39:39,37.7,5340.24609375
13.384559631347656,13.383378,0,2024-09-12 17:39:39,0.0,5339.9140625
13.463371753692627,13.438325,0,2024-09-12 17:39:39,41.0,5349.6875
13.178548574447632,13.170693,0,2024-09-12 17:39:39,36.7,5349.6328125
13.426111221313477,13.395591,0,2024-09-12 17:39:39,0.0,5351.91015625
12.995380401611328,12.993761,0,2024-09-12 17:39:39,38.9,5353.20703125
13.256898403167725,13.248079,0,2024-09-12 17:39:39,36.1,5356.50390625
13.482350587844849,13.451393,0,2024-09-12 17:39:39,36.8,5354.56640625
13.375885725021362,13.354408,0,2024-09-12 17:39:39,19.4,5360.81640625
13.664737462997437,13.649828,0,2024-09-12 17:39:39,24.2,5362.6953125
13.429104566574097,13.407604,0,2024-09-12 17:39:39,22.0,5362.41015625
13.740355014801025,13.713237,0,2024-09-12 17:39:39,32.2,5362.09765625
13.634356021881104,13.61973,0,2024-09-12 17:39:39,33.1,5361.78125
13.367144346237183,13.319877,0,2024-09-12 17:39:39,33.1,5361.8359375
13.616409301757812,13.609331,0,2024-09-12 17:39:39,32.4,5361.7890625
13.642913818359375,13.613097,0,2024-09-12 17:39:39,56.0,5360.73828125
13.413708925247192,13.370481,0,2024-09-12 17:39:39,32.9,5360.65625
13.483561515808105,13.444438,0,2024-09-12 17:39:39,38.5,5360.85546875
13.51253080368042,13.476256,0,2024-09-12 17:39:39,46.6,5362.93359375
13.540497303009033,13.525664,0,2024-09-12 17:39:39,35.8,5369.96484375
13.813524007797241,13.796534,0,2024-09-12 17:39:39,37.5,5369.63671875
13.726794481277466,13.697854,0,2024-09-12 17:39:39,24.5,5369.63671875
13.555446863174438,13.5366,0,2024-09-12 17:39:39,35.5,5377.36328125
13.450088500976562,13.428062,0,2024-09-12 17:39:39,33.4,5376.9296875
13.80891466140747,13.791802,0,2024-09-12 17:39:39,33.4,5378.953125
13.46638822555542,13.438994,0,2024-09-12 17:39:39,32.5,5382.55859375
13.943047761917114,13.940376,0,2024-09-12 17:39:39,39.1,5382.5625
13.583192825317383,13.564865,0,2024-09-12 17:39:39,37.2,5382.23046875
13.996731281280518,13.978976,0,2024-09-12 17:39:39,41.4,5384.07421875
14.105304718017578,14.072043,0,2024-09-12 17:39:39,45.0,5387.76171875
13.674253463745117,13.647625,0,2024-09-12 17:39:39,45.2,5389.18359375
13.908769845962524,13.879009,0,2024-09-12 17:39:39,20.8,5392.859375
14.172713041305542,14.146618,0,2024-09-12 17:39:39,37.2,5392.8359375
14.128181219100952,14.12552,0,2024-09-12 17:39:39,39.2,5392.48828125
13.649539947509766,13.619867,0,2024-09-12 17:39:39,36.8,5392.17578125
13.755345106124878,13.725978,0,2024-09-12 17:39:40,36.2,5390.875
14.202601909637451,14.170624,0,2024-09-12 17:39:40,24.0,5394.75
13.686176538467407,13.668805,0,2024-09-12 17:39:40,36.5,5398.390625
13.717916011810303,13.702416,0,2024-09-12 17:39:40,25.8,5398.0625
14.044063568115234,14.011923,0,2024-09-12 17:39:40,31.7,5403.765625
14.072230577468872,14.062656,0,2024-09-12 17:39:40,35.4,5403.4375
14.065521955490112,14.055618,0,2024-09-12 17:39:40,37.0,5408.87109375
13.828586101531982,13.801945,0,2024-09-12 17:39:40,56.3,5410.1484375
14.275097131729126,14.260387,0,2024-09-12 17:39:40,46.0,5409.80859375
13.992960691452026,13.965247,0,2024-09-12 17:39:40,52.2,5409.78125
14.291565656661987,14.271366,0,2024-09-12 17:39:40,44.5,5409.484375
14.434840679168701,14.415098,0,2024-09-12 17:39:40,38.2,5411.2578125
14.130888938903809,14.116067,0,2024-09-12 17:39:40,39.6,5411.21875
14.500856161117554,14.462753,0,2024-09-12 17:39:40,46.6,5414.984375
13.86310887336731,13.842399,0,2024-09-12 17:39:40,24.6,5414.55859375
14.490502119064331,14.464807,0,2024-09-12 17:39:40,42.9,5414.2890625
14.374421119689941,14.354803,0,2024-09-12 17:39:40,33.3,5415.96484375
14.63430118560791,14.572945,0,2024-09-12 17:39:40,35.9,5419.69140625
13.939346313476562,13.883387,0,2024-09-12 17:39:40,38.3,5421.39453125
14.66568636894226,14.656867,0,2024-09-12 17:39:40,48.1,5423.0234375
14.665019035339355,14.662879,0,2024-09-12 17:39:40,40.8,5423.125
14.600849390029907,14.582382,0,2024-09-12 17:39:40,47.9,5428.625
14.671819925308228,14.659899,0,2024-09-12 17:39:40,40.5,5428.28515625
14.424646854400635,14.409455,0,2024-09-12 17:39:40,38.5,5430.17578125
14.598628044128418,14.575823,0,2024-09-12 17:39:40,35.5,5430.52734375
14.250837564468384,14.226373,0,2024-09-12 17:39:40,26.4,5430.296875
14.176157236099243,14.156584,0,2024-09-12 17:39:40,12.2,5430.015625
14.454730033874512,14.439687,0,2024-09-12 17:39:40,22.2,5429.44140625
14.584463357925415,14.583268,0,2024-09-12 17:39:40,24.7,5429.03515625
14.922007322311401,14.901759,0,2024-09-12 17:39:40,32.5,5428.7578125
14.453835725784302,14.419867,0,2024-09-12 17:39:40,21.5,5428.46484375
14.96360731124878,14.941899,0,2024-09-12 17:39:40,30.1,5428.140625
14.687898874282837,14.670776,0,2024-09-12 17:39:40,26.5,5427.99609375
14.941495418548584,14.910864,0,2024-09-12 17:39:40,32.3,5431.234375
15.019856214523315,15.001404,0,2024-09-12 17:39:40,32.9,5431.3046875
14.438146114349365,14.42302,0,2024-09-12 17:39:40,31.5,5437.96484375
14.580061674118042,14.550185,0,2024-09-12 17:39:40,36.4,5439.83203125
15.034329175949097,15.019331,0,2024-09-12 17:39:40,53.0,5438.734375
14.561219930648804,14.545702,0,2024-09-12 17:39:40,47.4,5438.32421875
14.77453351020813,14.764622,0,2024-09-12 17:39:40,33.0,5437.9921875
14.580598592758179,14.549256,0,2024-09-12 17:39:40,48.8,5437.68359375
14.87377142906189,14.833641,0,2024-09-12 17:39:40,32.4,5437.359375
15.06197714805603,15.048938,0,2024-09-12 17:39:40,34.9,5437.03515625
15.198822259902954,15.178792,0,2024-09-12 17:39:40,33.3,5437.0
14.684827089309692,14.66041,0,2024-09-12 17:39:40,25.0,5442.9140625
15.170390605926514,15.153188,0,2024-09-12 17:39:40,34.4,5444.54296875
14.833170175552368,14.831714,0,2024-09-12 17:39:41,41.5,5444.55859375
14.821799278259277,14.79559,0,2024-09-12 17:39:41,36.1,5444.1015625
15.112757444381714,15.106737,0,2024-09-12 17:39:41,31.9,5445.8828125
14.943936347961426,14.930562,0,2024-09-12 17:39:41,34.9,5449.58203125
15.017553806304932,15.005954,0,2024-09-12 17:39:41,22.4,5451.2578125
15.410884857177734,14.836805,0,2024-09-12 17:39:41,31.0,5450.92578125
14.837238311767578,14.825186,0,2024-09-12 17:39:41,30.0,5450.6171875
14.785279750823975,14.765725,0,2024-09-12 17:39:41,25.9,5454.328125
14.872103691101074,14.842564,0,2024-09-12 17:39:41,26.4,5456.01953125
15.275465965270996,15.245754,0,2024-09-12 17:39:41,25.0,5459.7421875
15.264171838760376,15.243905,0,2024-09-12 17:39:41,26.3,5463.4140625
15.38907790184021,15.370836,0,2024-09-12 17:39:41,30.6,5464.75390625
15.558077812194824,15.538447,0,2024-09-12 17:39:41,45.9,5480.69140625
15.299432754516602,15.274172,0,2024-09-12 17:39:41,55.0,5493.37890625
15.17604684829712,15.158962,0,2024-09-12 17:39:41,56.8,5493.08984375
15.078672170639038,15.076476,0,2024-09-12 17:39:41,67.6,5499.61328125
14.99581003189087,14.972281,0,2024-09-12 17:39:41,44.7,5511.8671875
15.579756259918213,15.566773,0,2024-09-12 17:39:41,69.6,5484.60546875
15.114792585372925,15.091066,0,2024-09-12 17:39:41,42.5,5481.609375
15.484531879425049,15.463466,0,2024-09-12 17:39:41,24.0,5481.2890625
15.076612710952759,15.075732,0,2024-09-12 17:39:41,48.0,5480.953125
15.215596914291382,15.188002,0,2024-09-12 17:39:41,13.9,5487.43359375
15.114538192749023,15.098682,0,2024-09-12 17:39:41,36.9,5490.98828125
15.319493532180786,15.285691,0,2024-09-12 17:39:41,22.2,5492.0
15.691493511199951,15.683566,0,2024-09-12 17:39:41,30.4,5491.734375
15.567818403244019,15.543695,0,2024-09-12 17:39:41,38.6,5491.51953125
15.575862884521484,15.551843,0,2024-09-12 17:39:41,20.0,5493.61328125
15.285315752029419,15.268515,0,2024-09-12 17:39:41,38.0,5495.2265625
15.326290369033813,15.300406,1,2024-09-12 17:39:41,28.2,5500.984375
15.339915990829468,15.318089,0,2024-09-12 17:39:41,24.8,5500.64453125
15.809360027313232,15.798086,0,2024-09-12 17:39:41,40.5,5504.42578125
15.624236583709717,15.597787,0,2024-09-12 17:39:41,40.3,5503.99609375
15.93839979171753,15.92603,0,2024-09-12 17:39:41,35.1,5507.90625
15.6068434715271,15.583529,0,2024-09-12 17:39:41,32.5,5511.4765625
15.538713216781616,15.53711,0,2024-09-12 17:39:41,33.5,5511.2265625
15.91262149810791,15.891027,0,2024-09-12 17:39:41,34.5,5514.66015625
15.705567121505737,15.683339,0,2024-09-12 17:39:41,35.3,5516.37109375
15.376739025115967,15.35011,0,2024-09-12 17:39:41,35.8,5516.38671875
15.779007196426392,15.749475,0,2024-09-12 17:39:41,29.2,5516.2578125
15.849173545837402,15.816382,0,2024-09-12 17:39:41,36.4,5522.015625
15.735853433609009,15.728145,0,2024-09-12 17:39:41,34.8,5525.546875
15.843807697296143,15.832013,0,2024-09-12 17:39:41,37.5,5525.19140625
15.898173093795776,15.886808,0,2024-09-12 17:39:41,33.1,5524.97265625
16.05012607574463,16.024314,0,2024-09-12 17:39:41,36.4,5533.14453125
15.643088102340698,15.625789,0,2024-09-12 17:39:41,32.5,5532.80078125
16.033401250839233,16.016068,0,2024-09-12 17:39:41,26.2,5536.7734375
15.797861099243164,15.785539,0,2024-09-12 17:39:42,31.4,5536.2578125
15.52180528640747,15.496135,0,2024-09-12 17:39:42,36.6,5538.0859375
15.941658973693848,15.9158,0,2024-09-12 17:39:42,28.1,5537.671875
16.157167434692383,16.13724,0,2024-09-12 17:39:42,35.8,5537.453125
15.873366594314575,15.856643,0,2024-09-12 17:39:42,37.1,5539.1484375
15.735310554504395,15.722596,0,2024-09-12 17:39:42,30.2,5540.80859375
16.178772449493408,16.152787,0,2024-09-12 17:39:42,26.4,5540.47265625
15.904095888137817,15.878328,0,2024-09-12 17:39:42,31.8,5540.1484375
16.20281219482422,16.189106,0,2024-09-12 17:39:42,28.0,5541.875
15.721611499786377,15.706102,0,2024-09-12 17:39:42,30.6,5543.65625
16.114107131958008,16.094628,0,2024-09-12 17:39:42,28.3,5545.34375
15.947649717330933,15.932126,0,2024-09-12 17:39:42,27.5,5546.88671875
15.881592750549316,15.862629,0,2024-09-12 17:39:42,29.1,5546.5625
16.191163539886475,16.174439,0,2024-09-12 17:39:42,25.6,5546.2734375
16.03642964363098,16.024388,0,2024-09-12 17:39:42,21.9,5548.05078125
16.241328239440918,16.230919,0,2024-09-12 17:39:42,29.3,5547.734375
16.315321445465088,16.287771,0,2024-09-12 17:39:42,27.5,5553.3515625
16.193034887313843,16.17447,0,2024-09-12 17:39:42,28.7,5552.21875
16.418576955795288,16.405696,0,2024-09-12 17:39:42,29.8,5551.80078125
16.06001353263855,16.033944,0,2024-09-12 17:39:42,29.0,5551.484375
16.005408763885498,15.991314,0,2024-09-12 17:39:42,30.0,5551.234375
16.01988649368286,15.999148,0,2024-09-12 17:39:42,27.4,5550.9296875
16.038992643356323,16.025697,0,2024-09-12 17:39:42,27.3,5550.640625
16.44370174407959,16.427043,0,2024-09-12 17:39:42,18.8,5547.76171875
16.119292736053467,16.096514,0,2024-09-12 17:39:42,24.7,5553.46875
16.480529069900513,16.456026,0,2024-09-12 17:39:42,37.5,5561.453125
16.63376498222351,16.608432,0,2024-09-12 17:39:42,29.8,5560.640625
16.296295166015625,16.268711,0,2024-09-12 17:39:42,35.1,5559.33984375
16.55852961540222,16.540135,0,2024-09-12 17:39:42,32.6,5559.0
16.22641634941101,16.213362,0,2024-09-12 17:39:42,36.0,5558.6640625
16.24943494796753,16.235413,0,2024-09-12 17:39:42,26.1,5560.22265625
16.819791793823242,16.794938,0,2024-09-12 17:39:42,40.7,5564.49609375
16.737736225128174,16.712683,0,2024-09-12 17:39:42,47.4,5563.8984375
16.339370727539062,16.321285,0,2024-09-12 17:39:42,35.3,5563.51953125
16.935468673706055,16.920569,0,2024-09-12 17:39:42,44.1,5563.015625
16.669594049453735,16.659589,0,2024-09-12 17:39:42,36.1,5562.65625
16.65695285797119,16.630783,0,2024-09-12 17:39:42,40.8,5562.3828125
16.51080584526062,16.491703,0,2024-09-12 17:39:42,37.6,5562.0390625
16.714656352996826,16.696698,0,2024-09-12 17:39:42,31.2,5571.10546875
16.82317805290222,16.809545,0,2024-09-12 17:39:42,30.1,5580.984375
16.8995144367218,16.888172,0,2024-09-12 17:39:42,33.2,5582.8828125
16.822240829467773,16.800175,0,2024-09-12 17:39:42,24.4,5582.53515625
16.458148956298828,16.43365,0,2024-09-12 17:39:42,26.4,5582.2109375
16.53341293334961,16.512536,0,2024-09-12 17:39:42,25.7,5584.10546875
16.83005928993225,16.804055,0,2024-09-12 17:39:42,36.1,5585.9453125
16.56828784942627,16.559364,0,2024-09-12 17:39:42,31.3,5587.7421875
17.075154304504395,17.044919,0,2024-09-12 17:39:42,27.9,5589.41015625
16.97935938835144,16.966375,0,2024-09-12 17:39:42,34.9,5589.0625
17.064038038253784,17.035127,0,2024-09-12 17:39:43,30.5,5590.76171875
16.839439868927002,16.824665,0,2024-09-12 17:39:43,14.3,5590.4453125
17.199162244796753,17.18561,0,2024-09-12 17:39:43,23.3,5600.171875
16.747413635253906,16.717633,0,2024-09-12 17:39:43,17.8,5597.65234375
16.661766290664673,16.632519,0,2024-09-12 17:39:43,28.4,5597.05078125
17.018248319625854,16.994624,0,2024-09-12 17:39:43,29.4,5596.69140625
17.21205496788025,17.198428,0,2024-09-12 17:39:43,30.0,5596.37890625
16.91170310974121,16.900876,0,2024-09-12 17:39:43,34.5,5596.04296875
16.77223038673401,16.74371,0,2024-09-12 17:39:43,28.6,5595.72265625
17.252249717712402,17.236597,0,2024-09-12 17:39:43,29.2,5595.3828125
17.365922927856445,17.343635,0,2024-09-12 17:39:43,44.4,5595.05859375
17.18783974647522,17.163225,0,2024-09-12 17:39:43,16.7,5594.72265625
17.415579080581665,17.395481,0,2024-09-12 17:39:43,11.9,5594.4140625
17.445186138153076,17.419627,0,2024-09-12 17:39:43,30.0,5594.11328125
17.39484143257141,17.372499,0,2024-09-12 17:39:43,29.4,5594.05859375
17.147603273391724,17.137175,0,2024-09-12 17:39:43,20.5,5597.95703125
17.485307216644287,17.471384,0,2024-09-12 17:39:43,26.7,5599.671875
16.964720010757446,16.953011,0,2024-09-12 17:39:43,26.2,5601.33984375
17.48456072807312,17.458037,0,2024-09-12 17:39:43,29.3,5602.87890625
17.40981674194336,17.394487,0,2024-09-12 17:39:43,33.3,5612.90234375
17.440964698791504,17.418477,0,2024-09-12 17:39:43,38.7,5633.08984375
17.58624267578125,17.564374,0,2024-09-12 17:39:43,30.8,5635.78125
17.616174459457397,17.588776,0,2024-09-12 17:39:43,27.4,5635.7578125
17.712059497833252,17.686703,0,2024-09-12 17:39:43,31.2,5649.58984375
17.640682458877563,17.624959,0,2024-09-12 17:39:43,27.8,5641.15625
17.446146249771118,17.436525,0,2024-09-12 17:39:43,25.5,5613.3203125
17.529203176498413,17.502083,1,2024-09-12 17:39:43,23.7,5612.96484375
17.34380865097046,17.320062,0,2024-09-12 17:39:43,28.1,5612.59375
17.226665258407593,17.20252,0,2024-09-12 17:39:43,26.0,5612.29296875
17.69806718826294,17.670201,0,2024-09-12 17:39:43,21.5,5611.94921875
17.86417841911316,17.842336,0,2024-09-12 17:39:43,20.4,5611.56640625
17.30894923210144,17.293345,0,2024-09-12 17:39:43,20.8,5611.2734375
17.679007530212402,17.66113,0,2024-09-12 17:39:43,15.0,5610.94921875
17.411086320877075,17.398761,0,2024-09-12 17:39:43,18.7,5610.58984375
17.937668800354004,17.922682,0,2024-09-12 17:39:43,28.7,5610.234375
17.724693059921265,17.70247,0,2024-09-12 17:39:43,22.6,5610.21875
17.506726264953613,17.490051,0,2024-09-12 17:39:43,39.3,5613.0546875
17.431001663208008,17.413496,0,2024-09-12 17:39:43,30.4,5616.3203125
17.48526668548584,17.471753,0,2024-09-12 17:39:43,40.6,5619.578125
18.063593864440918,18.058828,0,2024-09-12 17:39:43,29.9,5621.2734375
18.269121646881104,18.264518,0,2024-09-12 17:39:43,29.2,5621.109375
18.298915147781372,18.295052,0,2024-09-12 17:39:43,50.0,5620.3671875
18.596184492111206,18.58909,0,2024-09-12 17:39:43,37.4,5621.1015625
18.284966945648193,18.280063,0,2024-09-12 17:39:43,59.3,5620.76171875
18.08303165435791,18.078505,0,2024-09-12 17:39:44,37.1,5618.70703125
18.565382957458496,18.560747,0,2024-09-12 17:39:44,50.7,5617.890625
18.373165607452393,18.369526,0,2024-09-12 17:39:44,50.5,5616.72265625
18.050339937210083,18.048182,0,2024-09-12 17:39:44,44.2,5616.3984375
18.386627912521362,17.883422,0,2024-09-12 17:39:44,40.7,5616.07421875
18.159376621246338,18.156377,0,2024-09-12 17:39:44,18.3,5615.75390625
18.123138666152954,18.120943,0,2024-09-12 17:39:44,42.4,5615.4140625
18.022522449493408,18.019866,0,2024-09-12 17:39:44,35.2,5615.10546875
18.036869525909424,18.034513,0,2024-09-12 17:39:44,31.1,5614.765625
18.012577056884766,18.008494,0,2024-09-12 17:39:44,36.7,5614.64453125
18.39377188682556,18.391268,0,2024-09-12 17:39:44,25.0,5615.1796875
18.02952790260315,18.025842,0,2024-09-12 17:39:44,25.6,5615.76953125
18.04586672782898,18.043642,0,2024-09-12 17:39:44,27.5,5616.06640625
18.235579013824463,18.229379,0,2024-09-12 17:39:44,23.7,5616.59765625
17.952481746673584,17.945261,0,2024-09-12 17:39:44,27.5,5616.8984375
18.288527011871338,18.285399,0,2024-09-12 17:39:44,27.1,5616.7578125
18.45197343826294,18.445985,0,2024-09-12 17:39:44,22.1,5616.50390625
18.067376136779785,18.061856,0,2024-09-12 17:39:44,25.6,5616.3125
18.471007347106934,18.464875,0,2024-09-12 17:39:44,41.7,5616.078125
18.069137573242188,18.060159,0,2024-09-12 17:39:44,17.6,5635.5703125
17.999071836471558,17.987379,0,2024-09-12 17:40:06,3.2,5161.25390625
17.99230980873108,17.9755,0,2024-09-12 17:40:06,3.3,5175.125
18.281578063964844,18.279907,0,2024-09-12 17:40:06,3.4,5179.80078125
18.60149073600769,18.577745,0,2024-09-12 17:40:07,3.6,5228.42578125
0.5693488121032715,0.55919,0,2024-09-12 17:40:08,3.8,5241.2578125
1.2605206966400146,1.248315,0,2024-09-12 17:40:08,3.7,5253.0390625
1.2846579551696777,1.266192,0,2024-09-12 17:40:08,4.1,5259.5078125
2.2003023624420166,2.159346,0,2024-09-12 17:40:09,4.6,5265.87890625
2.2574782371520996,2.238996,0,2024-09-12 17:40:09,4.9,5263.6484375
2.212125539779663,2.195713,0,2024-09-12 17:40:09,5.6,5263.46875
2.599132537841797,2.597203,0,2024-09-12 17:40:09,4.7,5263.9375
3.269359827041626,3.256905,0,2024-09-12 17:40:10,4.4,5276.66015625
3.716074228286743,3.697747,0,2024-09-12 17:40:10,13.1,5283.5234375
3.740981101989746,3.734345,0,2024-09-12 17:40:10,15.3,5283.6328125
3.839075803756714,3.822051,0,2024-09-12 17:40:10,15.6,5282.91796875
4.258209466934204,4.237834,0,2024-09-12 17:40:10,15.5,5294.4921875
4.640538930892944,4.62396,0,2024-09-12 17:40:10,17.7,5293.72265625
4.694216012954712,4.665299,0,2024-09-12 17:40:10,17.4,5293.72265625
4.7637939453125,4.74749,0,2024-09-12 17:40:10,17.3,5293.72265625
5.0060882568359375,4.972759,0,2024-09-12 17:40:10,18.4,5285.64453125
4.703362941741943,4.679636,0,2024-09-12 17:40:10,18.9,5288.609375
4.694331407546997,4.693351,0,2024-09-12 17:40:10,17.8,5299.3828125
4.598942279815674,4.588627,0,2024-09-12 17:40:11,22.4,5296.65625
5.041040420532227,5.021991,0,2024-09-12 17:40:11,19.2,5295.51953125
4.763635158538818,4.750591,0,2024-09-12 17:40:11,22.7,5303.48046875
5.247409343719482,5.219167,0,2024-09-12 17:40:11,19.5,5331.62890625
5.17505145072937,5.146271,0,2024-09-12 17:40:11,22.2,5313.44921875
5.641618013381958,5.609208,0,2024-09-12 17:40:11,18.4,5313.109375
5.085937023162842,5.083541,0,2024-09-12 17:40:11,18.6,5312.73046875
5.4059507846832275,4.85371,0,2024-09-12 17:40:11,21.7,5312.4375
5.635516166687012,5.596729,0,2024-09-12 17:40:11,22.3,5315.85546875
5.886344909667969,5.862742,0,2024-09-12 17:40:12,20.3,5322.2421875
6.301161289215088,6.291665,0,2024-09-12 17:40:12,20.5,5321.85546875
6.2567713260650635,6.242255,0,2024-09-12 17:40:12,16.5,5321.80859375
5.991915941238403,5.972344,0,2024-09-12 17:40:12,18.5,5323.86328125
5.751705884933472,5.729792,0,2024-09-12 17:40:12,13.1,5323.8046875
5.918493986129761,5.899972,0,2024-09-12 17:40:12,16.5,5323.46875
6.555187702178955,6.534263,0,2024-09-12 17:40:12,15.2,5323.28125
6.8252575397491455,6.818155,0,2024-09-12 17:40:12,10.2,5320.11328125
6.4967851638793945,6.468869,0,2024-09-12 17:40:12,14.2,5326.84765625
6.4214348793029785,6.406345,0,2024-09-12 17:40:12,19.3,5331.12890625
7.014212369918823,6.996232,0,2024-09-12 17:40:12,14.0,5329.3984375
6.4364073276519775,6.418978,0,2024-09-12 17:40:12,18.6,5329.05859375
6.5018627643585205,6.469828,0,2024-09-12 17:40:12,18.1,5329.015625
7.153048276901245,7.123726,0,2024-09-12 17:40:12,15.7,5324.703125
6.583056926727295,6.566584,0,2024-09-12 17:40:13,17.6,5337.0625
6.730937242507935,6.71239,0,2024-09-12 17:40:13,15.6,5335.97265625
6.8892502784729,6.87616,0,2024-09-12 17:40:13,17.3,5335.97265625
6.588266611099243,6.562471,0,2024-09-12 17:40:13,15.4,5335.98828125
7.686146259307861,7.659128,0,2024-09-12 17:40:13,16.1,5335.765625
7.2707273960113525,7.240696,0,2024-09-12 17:40:13,15.0,5352.76953125
6.987375259399414,6.965544,0,2024-09-12 17:40:13,16.1,5352.43359375
7.774865388870239,7.753217,0,2024-09-12 17:40:13,14.8,5348.81640625
7.138555526733398,7.128013,0,2024-09-12 17:40:13,16.3,5347.95703125
7.630846738815308,7.594924,0,2024-09-12 17:40:13,14.7,5350.9453125
7.745542049407959,7.732344,0,2024-09-12 17:40:13,15.7,5347.35546875
7.728155612945557,7.721794,0,2024-09-12 17:40:14,13.7,5346.72265625
8.317237377166748,8.295907,0,2024-09-12 17:40:14,12.8,5358.375
7.590416193008423,7.576917,0,2024-09-12 17:40:14,13.1,5357.34765625
7.6908957958221436,7.675962,0,2024-09-12 17:40:15,13.1,5357.15234375
7.930531740188599,7.916964,0,2024-09-12 17:40:15,10.8,5343.80859375
8.504886150360107,8.491735,0,2024-09-12 17:40:15,11.8,5346.63671875
8.410552024841309,8.389613,0,2024-09-12 17:40:15,12.4,5346.4375
8.862713813781738,8.838577,0,2024-09-12 17:40:15,12.1,5359.12109375
9.179368495941162,9.152868,0,2024-09-12 17:40:15,12.2,5358.78125
9.234116315841675,9.219963,0,2024-09-12 17:40:15,12.8,5358.2890625
8.810513496398926,8.794249,0,2024-09-12 17:40:15,16.0,5358.2890625
8.991711616516113,8.961657,0,2024-09-12 17:40:15,19.7,5357.953125
9.560100078582764,9.545203,0,2024-09-12 17:40:15,12.9,5357.87109375
9.228386878967285,9.219642,0,2024-09-12 17:40:15,22.5,5362.12890625
9.242562294006348,9.217251,0,2024-09-12 17:40:15,25.3,5361.7890625
9.056515216827393,9.033979,0,2024-09-12 17:40:15,14.3,5361.453125
9.696802377700806,9.675333,0,2024-09-12 17:40:15,26.0,5361.796875
9.530592203140259,9.512062,0,2024-09-12 17:40:15,26.5,5361.45703125
9.925299644470215,9.905207,0,2024-09-12 17:40:15,28.7,5360.6484375
9.791021585464478,9.76998,0,2024-09-12 17:40:15,27.4,5362.44140625
9.666314601898193,9.647892,0,2024-09-12 17:40:15,17.8,5374.75
9.532283544540405,9.506032,0,2024-09-12 17:40:15,31.3,5407.92578125
9.856715440750122,9.829187,0,2024-09-12 17:40:15,26.3,5394.52734375
9.612078428268433,9.594819,0,2024-09-12 17:40:16,21.1,5380.77734375
9.508025407791138,9.474924,0,2024-09-12 17:40:16,22.1,5380.4375
10.194375991821289,10.193047,0,2024-09-12 17:40:16,17.8,5378.01953125
9.82757830619812,9.80006,0,2024-09-12 17:40:16,17.9,5376.65234375
9.838367223739624,9.814324,0,2024-09-12 17:40:16,15.9,5392.34765625
10.109050750732422,10.101301,0,2024-09-12 17:40:16,14.7,5391.921875
9.959471940994263,9.938323,0,2024-09-12 17:40:16,19.3,5392.05859375
10.213062286376953,10.196342,0,2024-09-12 17:40:16,18.9,5380.4453125
10.27738618850708,10.275554,0,2024-09-12 17:40:16,17.9,5392.5078125
9.993995904922485,9.969505,0,2024-09-12 17:40:16,15.5,5388.55078125
10.081567525863647,10.072368,0,2024-09-12 17:40:16,17.6,5386.6328125
10.739439487457275,10.73495,0,2024-09-12 17:40:16,14.7,5385.7734375
10.803564071655273,10.798402,0,2024-09-12 17:40:16,17.3,5391.88671875
10.634434461593628,10.6126,0,2024-09-12 17:40:17,16.5,5397.59375
11.209378242492676,11.208196,0,2024-09-12 17:40:17,16.9,5397.17578125
11.385376930236816,11.361631,0,2024-09-12 17:40:17,17.0,5396.26171875
11.326220512390137,11.311097,0,2024-09-12 17:40:17,16.4,5396.27734375
11.159057855606079,11.136706,0,2024-09-12 17:40:17,16.9,5401.08203125
11.426615476608276,11.419869,0,2024-09-12 17:40:17,22.1,5409.51953125
11.386994361877441,11.358714,0,2024-09-12 17:40:17,16.5,5409.53515625
11.02986192703247,11.0279,0,2024-09-12 17:40:17,17.9,5408.78125
11.253214836120605,11.249966,0,2024-09-12 17:40:17,19.9,5408.4296875
11.659831762313843,11.634421,0,2024-09-12 17:40:17,17.6,5407.9453125
11.518038511276245,11.49432,0,2024-09-12 17:40:17,20.4,5408.609375
11.582099199295044,11.56031,0,2024-09-12 17:40:17,20.1,5408.609375
11.289891242980957,11.270658,0,2024-09-12 17:40:17,22.1,5423.1171875
11.112586736679077,11.093846,0,2024-09-12 17:40:17,23.7,5422.60546875
11.04067349433899,11.023216,0,2024-09-12 17:40:17,27.0,5415.78515625
11.676304340362549,11.663284,0,2024-09-12 17:40:17,23.4,5420.484375
11.480134963989258,11.466261,0,2024-09-12 17:40:17,20.7,5420.67578125
11.796035528182983,11.789768,0,2024-09-12 17:40:17,20.9,5418.796875
11.347378015518188,11.321533,0,2024-09-12 17:40:17,20.1,5426.609375
11.907885789871216,11.898053,0,2024-09-12 17:40:17,20.7,5443.78515625
12.165997982025146,12.161496,0,2024-09-12 17:40:17,22.7,5446.390625
11.491000890731812,11.476537,0,2024-09-12 17:40:17,17.4,5447.84375
11.542754173278809,11.507948,0,2024-09-12 17:40:17,18.9,5460.8359375
11.677018880844116,11.654055,0,2024-09-12 17:40:17,29.2,5441.921875
11.798845052719116,11.785702,0,2024-09-12 17:40:17,34.7,5422.69921875
11.764432430267334,11.741414,0,2024-09-12 17:40:18,27.6,5436.41015625
12.192081928253174,12.162508,0,2024-09-12 17:40:18,24.7,5436.42578125
11.637916564941406,11.623919,0,2024-09-12 17:40:18,23.3,5436.09765625
12.103968858718872,12.078138,0,2024-09-12 17:40:18,24.0,5435.3828125
12.22822642326355,12.207066,0,2024-09-12 17:40:18,23.2,5435.375
12.059784412384033,12.034894,0,2024-09-12 17:40:18,24.6,5434.7109375
12.576693058013916,12.552995,0,2024-09-12 17:40:18,25.6,5449.15625
12.595584630966187,12.571694,0,2024-09-12 17:40:18,25.6,5438.33984375
12.522181510925293,12.514817,0,2024-09-12 17:40:18,33.5,5436.1953125
12.319614171981812,12.296302,0,2024-09-12 17:40:18,25.6,5436.7109375
11.99630880355835,11.990176,0,2024-09-12 17:40:18,31.4,5437.9296875
12.115061283111572,12.092385,0,2024-09-12 17:40:18,26.9,5438.1953125
12.616869688034058,12.588768,0,2024-09-12 17:40:18,24.7,5447.234375
12.018418073654175,11.988644,0,2024-09-12 17:40:18,21.0,5445.953125
12.436092138290405,12.421887,0,2024-09-12 17:40:18,24.7,5445.953125
12.316406726837158,12.296097,0,2024-09-12 17:40:18,21.5,5445.95703125
12.150230646133423,12.13789,0,2024-09-12 17:40:18,16.5,5445.96875
12.895631551742554,12.87053,0,2024-09-12 17:40:18,23.1,5444.74609375
12.363786697387695,12.333366,0,2024-09-12 17:40:18,27.7,5444.6171875
12.824944257736206,12.797397,0,2024-09-12 17:40:18,27.7,5448.73046875
12.916394233703613,12.906049,0,2024-09-12 17:40:18,28.9,5450.55859375
12.78309178352356,12.767837,0,2024-09-12 17:40:18,31.4,5451.12109375
12.986644983291626,12.96911,0,2024-09-12 17:40:18,27.2,5451.20703125
13.079967260360718,13.062001,0,2024-09-12 17:40:18,41.1,5453.18359375
12.44968295097351,12.429124,0,2024-09-12 17:40:18,35.8,5450.2890625
12.772492408752441,12.754702,0,2024-09-12 17:40:18,32.7,5450.28515625
12.573724508285522,12.552395,0,2024-09-12 17:40:18,34.6,5449.50390625
13.213097095489502,13.183094,0,2024-09-12 17:40:18,46.9,5446.8046875
12.828124761581421,12.819914,0,2024-09-12 17:40:18,61.5,5446.76171875
13.256589651107788,13.234476,0,2024-09-12 17:40:18,53.8,5444.0859375
13.049206256866455,13.021337,0,2024-09-12 17:40:18,43.8,5443.9765625
12.915951251983643,12.911255,0,2024-09-12 17:40:18,47.3,5444.0546875
13.307498455047607,13.2923,0,2024-09-12 17:40:19,41.5,5443.30859375
12.96821117401123,12.922426,0,2024-09-12 17:40:19,34.8,5455.35546875
13.256951570510864,13.229564,0,2024-09-12 17:40:19,27.8,5454.3046875
12.872721433639526,12.858995,0,2024-09-12 17:40:19,27.8,5454.3046875
13.175503015518188,13.154602,0,2024-09-12 17:40:19,31.4,5452.203125
12.798301458358765,12.767734,0,2024-09-12 17:40:19,33.0,5450.64453125
13.454808712005615,13.437732,0,2024-09-12 17:40:19,19.9,5450.44921875
13.295215606689453,13.275017,0,2024-09-12 17:40:19,19.2,5455.06640625
13.509269952774048,13.492931,0,2024-09-12 17:40:19,30.7,5455.9453125
13.579676151275635,13.561688,0,2024-09-12 17:40:19,22.4,5454.97265625
13.642192602157593,13.63827,0,2024-09-12 17:40:19,22.6,5449.53515625
13.340760231018066,13.32415,0,2024-09-12 17:40:19,22.0,5450.69140625
13.03196096420288,13.009575,0,2024-09-12 17:40:19,24.2,5450.4453125
13.310093879699707,13.296914,0,2024-09-12 17:40:19,26.3,5450.47265625
13.892175912857056,13.872543,0,2024-09-12 17:40:19,20.6,5450.4296875
13.963589191436768,13.941128,0,2024-09-12 17:40:19,21.2,5450.35546875
13.894901990890503,13.880407,0,2024-09-12 17:40:19,22.1,5450.21484375
13.424105167388916,13.406657,0,2024-09-12 17:40:19,24.3,5450.16015625
13.258202314376831,13.250417,0,2024-09-12 17:40:19,19.1,5454.24609375
13.562761545181274,13.536366,0,2024-09-12 17:40:19,21.5,5455.04296875
14.0012686252594,13.973551,0,2024-09-12 17:40:19,20.4,5455.5703125
13.391223192214966,13.381317,0,2024-09-12 17:40:19,18.8,5455.70703125
13.862685680389404,13.846067,0,2024-09-12 17:40:19,19.7,5463.68359375
13.835586786270142,13.816395,0,2024-09-12 17:40:20,22.9,5476.15234375
14.093268156051636,14.076343,0,2024-09-12 17:40:20,21.3,5479.92578125
14.015166997909546,14.00742,0,2024-09-12 17:40:20,22.7,5495.4921875
14.108273983001709,14.085073,0,2024-09-12 17:40:20,24.6,5496.0234375
14.224159955978394,14.218928,0,2024-09-12 17:40:20,41.8,5502.62890625
14.20236325263977,14.188289,0,2024-09-12 17:40:20,52.9,5516.59765625
14.07795763015747,14.062943,0,2024-09-12 17:40:20,100.0,5511.265625
13.6761953830719,13.637058,0,2024-09-12 17:40:20,46.0,5511.04296875
14.470898151397705,14.417849,0,2024-09-12 17:40:20,31.8,5479.26953125
14.299597978591919,14.293634,0,2024-09-12 17:40:20,46.2,5478.703125
14.003291130065918,13.996725,0,2024-09-12 17:40:20,42.3,5478.42578125
14.313103437423706,14.294072,0,2024-09-12 17:40:20,41.2,5478.3828125
13.99466872215271,13.971876,0,2024-09-12 17:40:20,38.6,5478.390625
14.018359422683716,14.009102,0,2024-09-12 17:40:20,21.1,5478.0546875
14.01161527633667,13.979638,0,2024-09-12 17:40:20,41.0,5477.7265625
14.619176626205444,14.588886,0,2024-09-12 17:40:20,20.1,5477.390625
14.593204736709595,14.589905,0,2024-09-12 17:40:20,32.1,5485.3515625
14.537328004837036,14.507429,0,2024-09-12 17:40:20,29.8,5487.91796875
14.907233953475952,14.882127,0,2024-09-12 17:40:20,27.6,5485.58984375
14.857289791107178,14.835453,0,2024-09-12 17:40:20,31.8,5487.3359375
14.692943334579468,14.667769,0,2024-09-12 17:40:20,30.8,5487.57421875
14.298526048660278,14.279048,0,2024-09-12 17:40:20,29.9,5489.6640625
14.362058877944946,14.35963,0,2024-09-12 17:40:20,28.4,5487.59765625
14.471114158630371,14.464098,0,2024-09-12 17:40:20,29.0,5489.62890625
14.373922348022461,14.37154,0,2024-09-12 17:40:20,27.6,5489.625
14.357949256896973,14.323491,0,2024-09-12 17:40:20,31.9,5489.28515625
14.585579633712769,14.566885,0,2024-09-12 17:40:20,37.2,5491.39453125
14.743203401565552,14.712887,0,2024-09-12 17:40:20,29.5,5493.15234375
14.942063093185425,14.897749,0,2024-09-12 17:40:20,30.9,5494.7265625
14.526801824569702,14.478945,0,2024-09-12 17:40:20,30.4,5494.796875
14.902188539505005,14.84155,0,2024-09-12 17:40:20,37.6,5497.6953125
14.989874601364136,14.980401,0,2024-09-12 17:40:20,40.9,5497.015625
14.84616231918335,14.803097,0,2024-09-12 17:40:20,38.5,5496.96875
15.141055822372437,14.384332,0,2024-09-12 17:40:20,38.4,5496.6484375
15.324097394943237,15.320136,0,2024-09-12 17:40:20,36.7,5496.69921875
14.674806118011475,14.671027,0,2024-09-12 17:40:20,37.0,5496.69921875
14.631027460098267,14.622601,0,2024-09-12 17:40:20,40.0,5503.46484375
15.124904870986938,15.114074,0,2024-09-12 17:40:20,38.4,5503.44921875
15.184393405914307,15.175787,0,2024-09-12 17:40:20,34.9,5505.28515625
14.965309381484985,14.929084,0,2024-09-12 17:40:20,25.0,5507.1015625
14.897181510925293,14.888664,0,2024-09-12 17:40:20,30.1,5508.86328125
14.615357398986816,14.584944,0,2024-09-12 17:40:20,34.1,5508.5390625
14.994081974029541,14.982375,0,2024-09-12 17:40:20,28.4,5512.1953125
15.028548240661621,15.007315,0,2024-09-12 17:40:20,26.3,5513.91015625
14.796912670135498,14.776673,0,2024-09-12 17:40:20,29.1,5516.390625
15.3732328414917,15.352048,0,2024-09-12 17:40:20,28.3,5516.0546875
14.871391773223877,14.851173,0,2024-09-12 17:40:20,27.4,5520.03515625
15.47357177734375,15.452862,0,2024-09-12 17:40:20,24.2,5521.6484375
15.422490358352661,15.39634,0,2024-09-12 17:40:21,17.9,5521.32421875
15.297132015228271,15.271197,0,2024-09-12 17:40:21,18.6,5528.88671875
15.527451276779175,15.502948,0,2024-09-12 17:40:21,17.6,5528.453125
14.97726845741272,14.95807,0,2024-09-12 17:40:21,16.7,5529.62890625
15.327367067337036,15.301346,0,2024-09-12 17:40:21,33.3,5529.8671875
15.653084754943848,15.624658,0,2024-09-12 17:40:21,53.1,5529.296875
15.35728406906128,15.340009,0,2024-09-12 17:40:21,29.5,5528.90234375
15.5411696434021,15.529031,0,2024-09-12 17:40:21,33.1,5528.578125
15.696122884750366,15.667123,0,2024-09-12 17:40:21,29.0,5528.0
15.531003713607788,15.513377,0,2024-09-12 17:40:21,32.1,5525.80078125
15.163999795913696,15.137834,0,2024-09-12 17:40:21,30.1,5525.5078125
15.754801034927368,15.737956,0,2024-09-12 17:40:21,31.7,5525.40625
15.633857727050781,15.610648,0,2024-09-12 17:40:21,30.1,5525.12109375
15.887127876281738,15.861057,0,2024-09-12 17:40:21,30.9,5528.140625
15.463880062103271,15.445396,0,2024-09-12 17:40:21,30.3,5531.8671875
15.645049333572388,15.618449,0,2024-09-12 17:40:21,32.9,5533.51171875
15.980715990066528,15.967065,0,2024-09-12 17:40:21,31.6,5529.12890625
15.183536767959595,15.158881,0,2024-09-12 17:40:21,36.3,5528.77734375
15.7077476978302,15.695499,0,2024-09-12 17:40:21,44.0,5528.46875
15.326348066329956,15.316753,0,2024-09-12 17:40:21,43.7,5527.66796875
15.45493221282959,15.430418,0,2024-09-12 17:40:21,41.2,5527.6015625
15.5087308883667,15.490814,0,2024-09-12 17:40:21,76.9,5522.95703125
15.998926639556885,15.97911,0,2024-09-12 17:40:21,40.5,5523.7109375
15.400360345840454,15.380451,0,2024-09-12 17:40:21,38.7,5523.97265625
15.995121955871582,15.978586,0,2024-09-12 17:40:21,35.6,5523.5859375
16.187520742416382,16.152902,0,2024-09-12 17:40:21,44.6,5523.19140625
16.155317544937134,16.145507,0,2024-09-12 17:40:21,40.3,5522.92578125
15.517316818237305,15.50477,0,2024-09-12 17:40:21,39.0,5522.72265625
15.750115156173706,15.733809,0,2024-09-12 17:40:21,35.5,5523.12890625
15.827606678009033,15.824204,0,2024-09-12 17:40:21,33.7,5523.5
16.052995920181274,16.029971,0,2024-09-12 17:40:21,40.0,5523.91015625
15.876868963241577,15.863922,0,2024-09-12 17:40:21,36.5,5523.234375
15.80872654914856,15.782948,0,2024-09-12 17:40:21,52.7,5522.91015625
15.910383224487305,15.894933,0,2024-09-12 17:40:21,39.1,5522.57421875
15.933743476867676,15.923403,0,2024-09-12 17:40:21,36.3,5528.0625
15.944035053253174,15.924672,0,2024-09-12 17:40:21,34.8,5527.78125
15.988320589065552,15.979157,0,2024-09-12 17:40:21,30.8,5529.7421875
16.01375412940979,15.997234,0,2024-09-12 17:40:21,25.4,5529.7421875
16.48662495613098,16.479601,0,2024-09-12 17:40:21,30.5,5529.4609375
15.963468313217163,15.948901,0,2024-09-12 17:40:21,48.0,5535.1484375
15.770030498504639,15.754229,0,2024-09-12 17:40:22,56.4,5539.5703125
16.401280403137207,16.376477,0,2024-09-12 17:40:22,41.8,5530.359375
16.426188707351685,16.396784,0,2024-09-12 17:40:22,56.2,5530.45703125
16.420855283737183,16.394721,0,2024-09-12 17:40:22,47.6,5539.4765625
16.560596466064453,16.535253,0,2024-09-12 17:40:22,30.6,5539.15625
16.52686619758606,16.502938,0,2024-09-12 17:40:22,36.0,5538.80859375
16.079434633255005,16.049503,0,2024-09-12 17:40:22,40.0,5538.42578125
16.662039279937744,16.650681,0,2024-09-12 17:40:22,37.1,5538.1015625
16.718262672424316,16.701985,0,2024-09-12 17:40:22,31.1,5543.73046875
16.070418119430542,16.05483,0,2024-09-12 17:40:22,40.1,5562.7890625
16.612749338150024,16.589199,0,2024-09-12 17:40:22,41.1,5568.47265625
16.649559020996094,16.634106,0,2024-09-12 17:40:22,37.6,5572.6796875
16.68715000152588,16.659315,0,2024-09-12 17:40:22,36.1,5581.79296875
16.483807802200317,16.451108,0,2024-09-12 17:40:22,35.8,5556.46484375
16.8234441280365,16.810451,0,2024-09-12 17:40:22,28.1,5556.12890625
16.66448974609375,16.650553,0,2024-09-12 17:40:22,35.6,5555.81640625
16.13130259513855,16.117493,0,2024-09-12 17:40:22,37.4,5555.47265625
16.708436727523804,16.681698,0,2024-09-12 17:40:22,28.9,5554.05859375
16.332880973815918,16.30599,0,2024-09-12 17:40:22,35.9,5549.984375
16.58996272087097,16.572298,0,2024-09-12 17:40:22,36.0,5548.37109375
16.644250869750977,16.622446,0,2024-09-12 17:40:22,38.0,5550.66015625
16.289377450942993,16.264904,0,2024-09-12 17:40:22,37.1,5550.16796875
16.920809030532837,16.895064,0,2024-09-12 17:40:22,29.8,5549.84375
16.59837031364441,16.580839,0,2024-09-12 17:40:22,34.2,5549.6953125
17.021936178207397,16.989689,0,2024-09-12 17:40:22,42.3,5563.1640625
16.77086591720581,16.74636,0,2024-09-12 17:40:22,45.9,5571.0234375
17.24772024154663,17.24567,0,2024-09-12 17:40:22,37.2,5576.78515625
16.825262784957886,16.808012,0,2024-09-12 17:40:22,37.8,5576.78125
17.203930854797363,17.182607,0,2024-09-12 17:40:22,33.6,5576.46875
17.2263445854187,17.191591,0,2024-09-12 17:40:22,34.3,5580.15234375
16.979423999786377,16.966559,0,2024-09-12 17:40:22,24.8,5587.50390625
17.26167583465576,17.235372,0,2024-09-12 17:40:22,28.8,5589.12109375
17.12344002723694,17.12157,0,2024-09-12 17:40:22,36.4,5594.8203125
17.133048057556152,17.107924,0,2024-09-12 17:40:22,33.3,5594.82421875
17.20920753479004,17.178753,0,2024-09-12 17:40:22,32.0,5596.48046875
17.19335961341858,17.162677,0,2024-09-12 17:40:22,42.9,5602.38671875
17.362462043762207,17.350173,0,2024-09-12 17:40:22,29.4,5600.671875
17.3566792011261,17.338212,0,2024-09-12 17:40:22,23.3,5600.29296875
17.520174980163574,17.494404,0,2024-09-12 17:40:23,33.6,5599.98828125
17.420621871948242,17.393811,0,2024-09-12 17:40:23,29.7,5599.66796875
17.529924154281616,17.49834,0,2024-09-12 17:40:23,32.4,5599.33984375
17.47271704673767,17.441788,0,2024-09-12 17:40:23,29.1,5595.2109375
17.50876259803772,17.497826,0,2024-09-12 17:40:23,32.9,5589.37890625
17.50520920753479,17.458796,0,2024-09-12 17:40:23,47.2,5588.01171875
17.196449756622314,17.186719,0,2024-09-12 17:40:23,33.1,5590.43359375
17.216256618499756,17.195256,0,2024-09-12 17:40:23,33.3,5595.51953125
17.596113681793213,17.588371,0,2024-09-12 17:40:23,38.4,5595.00390625
17.20010733604431,17.181517,0,2024-09-12 17:40:23,51.6,5599.80078125
17.335986375808716,17.324219,0,2024-09-12 17:40:23,34.5,5601.3984375
17.659703731536865,17.652685,0,2024-09-12 17:40:23,38.0,5604.98046875
17.1298930644989,17.116195,0,2024-09-12 17:40:23,34.9,5604.7265625
17.782055139541626,17.76362,0,2024-09-12 17:40:23,36.9,5606.39453125
17.497411012649536,17.482491,0,2024-09-12 17:40:23,35.2,5609.9296875
17.565460205078125,17.552995,0,2024-09-12 17:40:23,34.5,5609.61328125
17.383097410202026,17.376138,0,2024-09-12 17:40:23,37.2,5609.09375
18.007152318954468,17.977778,0,2024-09-12 17:40:23,35.3,5608.78125
17.614882946014404,17.599682,0,2024-09-12 17:40:23,35.4,5608.46484375
17.538129329681396,17.516664,0,2024-09-12 17:40:23,42.4,5608.22265625
17.485342025756836,17.452835,0,2024-09-12 17:40:23,43.2,5612.1640625
17.941243648529053,17.914227,0,2024-09-12 17:40:23,47.7,5615.1953125
17.786940574645996,17.76323,0,2024-09-12 17:40:23,58.6,5608.8125
18.05004858970642,18.02864,0,2024-09-12 17:40:23,81.6,5606.765625
18.220189571380615,18.20728,0,2024-09-12 17:40:23,51.0,5604.4453125
18.29018759727478,18.268234,0,2024-09-12 17:40:23,79.5,5603.77734375
18.174855947494507,18.155754,0,2024-09-12 17:40:23,94.0,5603.71484375
18.325058698654175,18.300763,0,2024-09-12 17:40:23,66.0,5603.0625
17.982243299484253,17.961725,0,2024-09-12 17:40:23,61.0,5603.0546875
17.878644227981567,17.858344,0,2024-09-12 17:40:23,67.1,5603.2734375
17.658473253250122,17.619487,0,2024-09-12 17:40:23,58.8,5612.1015625
18.260123014450073,18.23113,0,2024-09-12 17:40:23,29.5,5615.86328125
18.224807262420654,18.201154,0,2024-09-12 17:40:23,23.5,5621.7109375
18.397790670394897,18.384327,0,2024-09-12 17:40:23,47.2,5621.2578125
17.911214113235474,17.182433,0,2024-09-12 17:40:23,36.7,5622.0234375
18.450613260269165,18.430019,0,2024-09-12 17:40:23,51.0,5621.34375
18.09906315803528,18.079004,0,2024-09-12 17:40:23,34.0,5621.203125
17.959978818893433,17.958323,0,2024-09-12 17:40:23,51.7,5621.79296875
18.31644296646118,18.292258,0,2024-09-12 17:40:24,51.6,5623.85546875
17.964829206466675,17.950521,0,2024-09-12 17:40:24,51.1,5626.4609375
18.192279815673828,18.167641,0,2024-09-12 17:40:24,24.5,5632.1875
18.62154769897461,18.619841,0,2024-09-12 17:40:24,31.2,5628.625
18.269488096237183,18.251156,0,2024-09-12 17:40:24,34.7,5620.375
18.540741682052612,18.506249,0,2024-09-12 17:40:24,37.1,5623.05859375
18.244548320770264,18.2185,0,2024-09-12 17:40:24,45.9,5628.94140625
18.162336349487305,18.134057,0,2024-09-12 17:40:24,37.1,5632.2421875
18.231262922286987,18.215021,0,2024-09-12 17:40:24,27.0,5635.40625
18.547869443893433,18.530783,0,2024-09-12 17:40:24,38.5,5638.3046875
18.045501708984375,18.022603,0,2024-09-12 17:40:24,35.2,5637.9921875
18.290850162506104,18.28409,0,2024-09-12 17:40:24,34.9,5640.8125
18.545209407806396,18.519172,0,2024-09-12 17:40:24,38.7,5640.51171875
18.755665063858032,18.731172,0,2024-09-12 17:40:24,38.3,5648.48046875
18.390321731567383,18.368445,0,2024-09-12 17:40:24,43.5,5668.2578125
18.71806025505066,18.700966,0,2024-09-12 17:40:24,47.9,5668.20703125
18.51680064201355,18.497768,1,2024-09-12 17:40:24,47.2,5665.19921875
18.664883136749268,18.648157,0,2024-09-12 17:40:24,47.0,5680.2421875
19.0391685962677,19.021099,0,2024-09-12 17:40:24,41.3,5634.91796875
18.943209171295166,18.911009,0,2024-09-12 17:40:24,36.4,5613.953125
18.815916299819946,18.802515,0,2024-09-12 17:40:24,38.1,5610.7734375
18.6504123210907,18.625226,0,2024-09-12 17:40:24,33.0,5610.06640625
18.907783031463623,18.890331,0,2024-09-12 17:40:24,34.2,5613.0625
18.990589380264282,18.959383,0,2024-09-12 17:40:24,43.7,5616.1171875
18.87933349609375,18.856267,0,2024-09-12 17:40:24,84.6,5616.10546875
18.77784299850464,18.767256,0,2024-09-12 17:40:24,39.7,5615.24609375
18.97205090522766,18.947581,1,2024-09-12 17:40:24,39.8,5615.18359375
19.050893783569336,19.021964,0,2024-09-12 17:40:24,42.0,5614.80859375
19.23278570175171,19.211691,0,2024-09-12 17:40:24,62.4,5614.48046875
19.19548487663269,19.170654,0,2024-09-12 17:40:24,26.0,5614.16015625
18.95426106452942,18.941853,0,2024-09-12 17:40:24,38.6,5613.8203125
19.031517028808594,19.018931,0,2024-09-12 17:40:24,31.8,5613.57421875
18.947631359100342,18.917142,0,2024-09-12 17:40:24,37.9,5613.6171875
19.244617223739624,19.233399,0,2024-09-12 17:40:24,42.4,5615.50390625
19.19402289390564,19.172422,0,2024-09-12 17:40:24,41.1,5615.4765625
19.385990619659424,19.355015,0,2024-09-12 17:40:24,32.8,5621.1640625
19.32952117919922,19.316542,0,2024-09-12 17:40:24,34.1,5615.8671875
19.09782338142395,19.070603,0,2024-09-12 17:40:24,35.0,5615.515625
18.827274084091187,18.819014,0,2024-09-12 17:40:25,30.3,5615.1875
19.126880168914795,19.105201,0,2024-09-12 17:40:25,26.6,5614.859375
19.53674292564392,19.511572,0,2024-09-12 17:40:25,25.5,5614.51171875
19.381687879562378,19.37075,0,2024-09-12 17:40:25,25.3,5612.578125
19.389961004257202,19.365713,0,2024-09-12 17:40:25,26.7,5594.046875
19.161187648773193,19.150438,0,2024-09-12 17:40:25,31.8,5585.84765625
19.024476528167725,19.008042,0,2024-09-12 17:40:25,27.9,5585.58984375
19.193448066711426,19.174066,0,2024-09-12 17:40:25,20.5,5585.46875
18.94000005722046,18.916467,0,2024-09-12 17:40:25,26.8,5588.73046875
19.315099954605103,19.289167,0,2024-09-12 17:40:25,20.5,5594.0078125
19.47321319580078,19.448446,0,2024-09-12 17:40:25,11.7,5594.234375
19.41939377784729,19.407138,0,2024-09-12 17:40:25,19.3,5600.53515625
19.430880546569824,19.400144,0,2024-09-12 17:40:25,23.1,5600.2109375
19.61417293548584,19.60422,0,2024-09-12 17:40:25,24.8,5599.578125
19.222902059555054,19.197506,0,2024-09-12 17:40:25,33.3,5601.125
19.877485513687134,19.865332,0,2024-09-12 17:40:25,25.6,5598.328125
19.7991783618927,19.776636,0,2024-09-12 17:40:25,25.2,5598.0234375
19.324674606323242,19.309914,0,2024-09-12 17:40:25,36.4,5597.6875
19.300538301467896,19.278707,0,2024-09-12 17:40:25,29.9,5597.39453125
19.891447067260742,19.881737,0,2024-09-12 17:40:25,25.8,5597.0625
19.820386171340942,19.797663,0,2024-09-12 17:40:25,26.8,5596.734375
19.789730310440063,19.777289,0,2024-09-12 17:40:25,31.9,5596.42578125
19.262503385543823,19.238888,0,2024-09-12 17:40:25,26.6,5596.11328125
19.544520378112793,19.519221,0,2024-09-12 17:40:25,25.3,5595.8046875
19.783936262130737,19.76564,0,2024-09-12 17:40:25,25.7,5594.88671875
19.948209524154663,19.929294,0,2024-09-12 17:40:25,18.1,5594.81640625
19.82723116874695,19.8005,0,2024-09-12 17:40:25,22.0,5595.19921875
19.60168433189392,19.573792,0,2024-09-12 17:40:25,27.8,5600.41796875
19.678877592086792,19.654282,0,2024-09-12 17:40:25,22.4,5601.95703125
19.507054328918457,19.493896,0,2024-09-12 17:40:25,16.7,5603.72265625
19.835010290145874,19.811508,0,2024-09-12 17:40:25,19.5,5603.40234375
20.08137559890747,20.056038,0,2024-09-12 17:40:25,17.4,5605.09765625
19.5250141620636,19.500644,0,2024-09-12 17:40:25,47.2,5608.6953125
20.02091956138611,20.009736,0,2024-09-12 17:40:25,27.9,5606.67578125
20.226155281066895,20.200725,0,2024-09-12 17:40:25,29.8,5606.2890625
19.645630359649658,19.628359,0,2024-09-12 17:40:25,36.7,5605.9453125
19.710991859436035,19.684082,0,2024-09-12 17:40:25,31.4,5605.72265625
20.30772304534912,20.294437,0,2024-09-12 17:40:25,26.1,5605.41015625
19.6778507232666,19.667367,0,2024-09-12 17:40:25,18.8,5605.04296875
19.663997888565063,19.650051,0,2024-09-12 17:40:25,26.7,5604.7421875
20.000150442123413,19.975122,0,2024-09-12 17:40:25,15.0,5604.421875
20.38915777206421,20.362907,0,2024-09-12 17:40:26,20.0,5604.09375
20.22674298286438,20.207005,0,2024-09-12 17:40:26,17.6,5604.2421875
20.32120156288147,20.299037,0,2024-09-12 17:40:26,16.7,5605.1796875
20.266835689544678,20.242522,0,2024-09-12 17:40:26,17.8,5613.14453125
20.33618688583374,20.316033,0,2024-09-12 17:40:26,23.3,5612.78515625
19.892778873443604,19.867855,0,2024-09-12 17:40:26,19.2,5615.32421875
20.176920890808105,20.151831,0,2024-09-12 17:40:26,25.1,5617.421875
20.57616138458252,20.563729,0,2024-09-12 17:40:26,23.2,5617.09765625
20.441172122955322,20.414155,0,2024-09-12 17:40:26,22.1,5618.28515625
20.544025897979736,20.533257,0,2024-09-12 17:40:26,26.8,5617.75390625
20.115952968597412,20.087209,0,2024-09-12 17:40:26,25.0,5615.515625
20.703406810760498,20.690047,0,2024-09-12 17:40:26,24.7,5615.1640625
20.6159987449646,20.588099,0,2024-09-12 17:40:26,22.4,5614.86328125
20.43835425376892,20.426365,0,2024-09-12 17:40:26,22.3,5614.5390625
20.784574031829834,20.772137,0,2024-09-12 17:40:26,20.5,5614.19921875
20.651201486587524,20.635961,0,2024-09-12 17:40:26,20.2,5613.890625
20.39840006828308,20.37439,0,2024-09-12 17:40:26,23.3,5613.546875
20.530298233032227,20.507153,0,2024-09-12 17:40:26,23.7,5613.23046875
20.65225648880005,20.637302,0,2024-09-12 17:40:26,24.1,5612.9921875
20.214641571044922,20.190794,0,2024-09-12 17:40:26,22.0,5597.84765625
20.61406421661377,20.592141,0,2024-09-12 17:40:26,20.8,5597.89453125
20.257161378860474,20.229158,0,2024-09-12 17:40:26,21.5,5598.9375
20.6623694896698,20.636088,0,2024-09-12 17:40:26,21.0,5609.14453125
20.604817628860474,20.592139,0,2024-09-12 17:40:26,23.1,5631.43359375
20.618900060653687,20.605811,0,2024-09-12 17:40:26,38.5,5637.80859375
20.68412756919861,20.655951,0,2024-09-12 17:40:26,37.4,5645.34765625
21.063369512557983,21.051519,0,2024-09-12 17:40:26,27.0,5645.3984375
20.612863302230835,20.587401,0,2024-09-12 17:40:26,34.9,5606.21875
21.207478284835815,21.196679,0,2024-09-12 17:40:26,40.0,5599.69921875
20.685722589492798,20.658341,0,2024-09-12 17:40:26,28.4,5599.03125
21.019484996795654,21.007375,0,2024-09-12 17:40:26,30.7,5598.69921875
20.96975302696228,20.949372,0,2024-09-12 17:40:26,28.5,5598.37109375
21.340997219085693,21.313946,0,2024-09-12 17:40:26,29.9,5598.05859375
20.6163330078125,20.589011,0,2024-09-12 17:40:26,27.6,5597.7265625
20.591942310333252,20.577409,0,2024-09-12 17:40:26,22.1,5597.41015625
21.4096736907959,21.382702,0,2024-09-12 17:40:26,27.4,5597.08984375
21.393591165542603,21.384253,0,2024-09-12 17:40:26,26.4,5596.765625
21.245675086975098,21.220973,0,2024-09-12 17:40:26,29.5,5599.52734375
21.31869411468506,21.300981,0,2024-09-12 17:40:26,30.6,5599.9453125
21.10952925682068,21.094087,0,2024-09-12 17:40:26,26.7,5604.0625
21.39735174179077,21.374263,0,2024-09-12 17:40:27,25.7,5606.29296875
21.500977754592896,21.478943,0,2024-09-12 17:40:27,19.8,5610.7109375
21.17744779586792,21.164065,0,2024-09-12 17:40:27,21.2,5614.53125
21.515817165374756,21.489289,0,2024-09-12 17:40:27,26.3,5609.3828125
20.90117335319519,20.869351,0,2024-09-12 17:40:27,26.1,5592.1484375
21.429564952850342,21.418041,0,2024-09-12 17:40:27,28.8,5595.95703125
21.639886140823364,21.613331,0,2024-09-12 17:40:27,50.0,5594.80078125
21.571648597717285,21.55834,0,2024-09-12 17:40:27,50.0,5591.38671875
21.139453649520874,21.108164,0,2024-09-12 17:40:27,58.0,5593.0546875
20.95675826072693,20.930508,0,2024-09-12 17:40:27,20.0,5588.7890625
21.697542667388916,21.671597,0,2024-09-12 17:40:27,50.0,5588.5703125
21.411996841430664,21.388439,0,2024-09-12 17:40:27,52.9,5588.04296875
21.06243324279785,21.04245,0,2024-09-12 17:40:27,30.6,5587.73828125
21.597230434417725,21.571072,0,2024-09-12 17:40:27,23.8,5587.15625
21.74635076522827,21.727979,0,2024-09-12 17:40:27,43.7,5586.50390625
21.794438123703003,21.770462,0,2024-09-12 17:40:27,36.0,5586.203125
21.585279941558838,21.562032,0,2024-09-12 17:40:27,39.9,5585.83203125
21.37291646003723,21.352464,0,2024-09-12 17:40:27,37.8,5585.74609375
21.833628177642822,21.8187,0,2024-09-12 17:40:27,32.2,5585.796875
21.987154960632324,21.959954,0,2024-09-12 17:40:27,30.0,5607.54296875
21.25333309173584,21.22948,0,2024-09-12 17:40:27,22.8,5611.296875
21.63301420211792,21.604426,0,2024-09-12 17:40:27,22.2,5610.93359375
21.506972789764404,21.482217,0,2024-09-12 17:40:27,34.5,5611.65234375
21.55605959892273,21.531138,0,2024-09-12 17:40:27,45.2,5619.65625
22.085742473602295,22.051819,0,2024-09-12 17:40:27,55.0,5617.12109375
21.93009853363037,21.913477,0,2024-09-12 17:40:27,38.6,5617.1015625
21.474454164505005,21.460113,0,2024-09-12 17:40:27,43.9,5616.78125
21.817368268966675,21.792695,0,2024-09-12 17:40:27,23.9,5616.56640625
21.572099447250366,21.561658,0,2024-09-12 17:40:27,34.0,5617.1328125
22.26906108856201,22.241062,0,2024-09-12 17:40:27,34.2,5618.7265625
22.037482976913452,22.02363,0,2024-09-12 17:40:27,20.0,5628.9140625
22.088383436203003,22.077374,0,2024-09-12 17:40:27,36.7,5628.65625
21.768216133117676,21.752064,0,2024-09-12 17:40:27,33.4,5632.20703125
21.557607650756836,21.544535,0,2024-09-12 17:40:27,29.4,5641.45703125
21.991315126419067,21.970927,0,2024-09-12 17:40:32,13.5,5578.32421875
